<!DOCTYPE booruparser>
<extension t="booruparser">
  <meta>
    <name>Danbooru</name>
    <base-url>https://danbooru.donmai.us</base-url>
  </meta>
  <methods>
    <getArtCollectionByTags>
      <url>/posts.xml?page=%page%&amp;tags=%tags%</url>
      <base-node>post</base-node>
      <id t="element">id</id>
      <sample t="element">file-url</sample>
      <thumbnail t="element">preview-file-url</thumbnail>
      <full t="element">large-file-url</full>
      <pools t="element">pool-string</pools>
      <tags>
        <copyrights t="element">tag-string-copyright</copyrights>
        <artist t="element">tag-string-artist</artist>
        <character t="element">tag-string-character</character>
        <info t="element">tag-string-meta</info>
        <general t="element">tag-string-general</general>
      </tags>
      <is-banned t="element">is-banned</is-banned>
    </getArtCollectionByTags>
    <getCommentsCollectionById>
      <url>/comments.xml?group_by=comment&amp;search[post_id]=%id%</url>
      <base-node t="element">comment</base-node>
	  <score t="element">score</score>
	  <creator t="element">creator-name</creator>
	  <updater t="element">updater-name</updater>
	  <time t="element">created-at</time>
	  <id t="element">id</id>
	  <body t="element">body</body>
    </getCommentsCollectionById>
    <getNoteCollectionById>
      <url>/notes.xml?group_by=note&amp;search[post_id]=%id%</url>
      <base-node t="element">note</base-node>
	  <creator t="element">creator-name</creator>
	  <time t="element">created-at</time>
	  <id t="element">id</id>
	  <body t="element">body</body>
      <x t="element">x</x>
      <y t="element">y</y>
      <w t="element">width</w>
      <h t="element">height</h>
    </getNoteCollectionById>
    <getWikiPage>
      <url>/wiki_pages/%tag%</url>
    </getWikiPage>
  </methods>
</extension>